<?xml version="1.0" encoding="UTF-8"?>
<GenRun Id="synth_1" LaunchPart="xc7z010clg400-1" LaunchTime="1750260706">
  <File Type="PA-TCL" Name="design_1_wrapper.tcl"/>
  <File Type="RDS-PROPCONSTRS" Name="design_1_wrapper_drc_synth.rpt"/>
  <File Type="REPORTS-TCL" Name="design_1_wrapper_reports.tcl"/>
  <File Type="RDS-RDS" Name="design_1_wrapper.vds"/>
  <File Type="RDS-UTIL" Name="design_1_wrapper_utilization_synth.rpt"/>
  <File Type="RDS-UTIL-PB" Name="design_1_wrapper_utilization_synth.pb"/>
  <File Type="RDS-DCP" Name="design_1_wrapper.dcp"/>
  <File Type="VDS-TIMINGSUMMARY" Name="design_1_wrapper_timing_summary_synth.rpt"/>
  <File Type="VDS-TIMING-PB" Name="design_1_wrapper_timing_summary_synth.pb"/>
  <FileSet Name="sources" Type="DesignSrcs" RelSrcDir="$PSRCDIR/sources_1">
    <Filter Type="Srcs"/>
    <File Path="$PSRCDIR/sources_1/imports/new/CLK_DIV.vhd">
      <FileInfo>
        <Attr Name="ImportPath" Val="$PPRDIR/../../GRUPO01_PROYECTO01/IPs/STATE_MACHINE/STATE_MACHINE.srcs/sources_1/imports/new/CLK_DIV.vhd"/>
        <Attr Name="ImportTime" Val="1746844616"/>
        <Attr Name="UsedIn" Val="synthesis"/>
        <Attr Name="UsedIn" Val="simulation"/>
      </FileInfo>
    </File>
    <File Path="$PSRCDIR/sources_1/imports/Downloads/Fxs.vhd">
      <FileInfo>
        <Attr Name="ImportPath" Val="$PPRDIR/../../GRUPO01_PROYECTO01/IPs/STATE_MACHINE/STATE_MACHINE.srcs/sources_1/imports/Downloads/Fxs.vhd"/>
        <Attr Name="ImportTime" Val="1746844483"/>
        <Attr Name="UsedIn" Val="synthesis"/>
        <Attr Name="UsedIn" Val="simulation"/>
      </FileInfo>
    </File>
    <File Path="$PSRCDIR/sources_1/imports/new/RGB_IDLE_DRIVER.vhd">
      <FileInfo>
        <Attr Name="ImportPath" Val="$PPRDIR/../../GRUPO01_PROYECTO01/IPs/STATE_MACHINE/STATE_MACHINE.srcs/sources_1/new/RGB_IDLE_DRIVER.vhd"/>
        <Attr Name="ImportTime" Val="1746844698"/>
        <Attr Name="UsedIn" Val="synthesis"/>
        <Attr Name="UsedIn" Val="simulation"/>
      </FileInfo>
    </File>
    <File Path="$PSRCDIR/sources_1/new/LED_TEST_DRIVER.vhd">
      <FileInfo>
        <Attr Name="UsedIn" Val="synthesis"/>
        <Attr Name="UsedIn" Val="simulation"/>
      </FileInfo>
    </File>
    <File Path="$PSRCDIR/sources_1/imports/new/BUZZER.vhd">
      <FileInfo>
        <Attr Name="ImportPath" Val="$PPRDIR/../IP/BUZZER/BUZZER.srcs/sources_1/imports/new/BUZZER.vhd"/>
        <Attr Name="ImportTime" Val="1749436389"/>
        <Attr Name="UsedIn" Val="synthesis"/>
        <Attr Name="UsedIn" Val="simulation"/>
      </FileInfo>
    </File>
    <File Path="$PSRCDIR/sources_1/bd/design_1/design_1.bd">
      <FileInfo>
        <Attr Name="UsedIn" Val="synthesis"/>
        <Attr Name="UsedIn" Val="implementation"/>
        <Attr Name="UsedIn" Val="simulation"/>
      </FileInfo>
    </File>
    <File Path="$PSRCDIR/sources_1/bd/design_1/hdl/design_1_wrapper.vhd">
      <FileInfo>
        <Attr Name="UsedIn" Val="synthesis"/>
        <Attr Name="UsedIn" Val="simulation"/>
      </FileInfo>
    </File>
    <Config>
      <Option Name="DesignMode" Val="RTL"/>
      <Option Name="TopModule" Val="design_1_wrapper"/>
      <Option Name="TopAutoSet" Val="TRUE"/>
    </Config>
  </FileSet>
  <FileSet Name="constrs_in" Type="Constrs" RelSrcDir="$PSRCDIR/constrs_1">
    <Filter Type="Constrs"/>
    <File Path="$PSRCDIR/constrs_1/imports/IEE2463-SEP/Zybo-Z7-Master.xdc">
      <FileInfo>
        <Attr Name="ImportPath" Val="$PPRDIR/../../../../Zybo-Z7-Master.xdc"/>
        <Attr Name="ImportTime" Val="1750018204"/>
        <Attr Name="UsedIn" Val="synthesis"/>
        <Attr Name="UsedIn" Val="implementation"/>
      </FileInfo>
    </File>
    <Config>
      <Option Name="ConstrsType" Val="XDC"/>
    </Config>
  </FileSet>
  <FileSet Name="utils" Type="Utils" RelSrcDir="$PSRCDIR/utils_1">
    <Filter Type="Utils"/>
    <Config>
      <Option Name="TopAutoSet" Val="TRUE"/>
    </Config>
  </FileSet>
  <Strategy Version="1" Minor="2">
    <StratHandle Name="Vivado Synthesis Defaults" Flow="Vivado Synthesis 2020"/>
    <Step Id="synth_design"/>
  </Strategy>
  <BlockFileSet Type="BlockSrcs" Name="design_1_axi_gpio_0_0"/>
  <BlockFileSet Type="BlockSrcs" Name="design_1_processing_system7_0_0"/>
  <BlockFileSet Type="BlockSrcs" Name="design_1_axi_quad_spi_0_0"/>
  <BlockFileSet Type="BlockSrcs" Name="design_1_xbar_0"/>
  <BlockFileSet Type="BlockSrcs" Name="design_1_axi_quad_spi_1_0"/>
  <BlockFileSet Type="BlockSrcs" Name="design_1_axi_timer_0_0"/>
  <BlockFileSet Type="BlockSrcs" Name="design_1_axi_gpio_1_0"/>
  <BlockFileSet Type="BlockSrcs" Name="design_1_rst_ps7_0_50M_0"/>
  <BlockFileSet Type="BlockSrcs" Name="design_1_axi_iic_0_0"/>
  <BlockFileSet Type="BlockSrcs" Name="design_1_LED_TEST_DRIVER_0_0"/>
  <BlockFileSet Type="BlockSrcs" Name="design_1_RGB_IDLE_DRIVER_0_0"/>
  <BlockFileSet Type="BlockSrcs" Name="design_1_AXI_Connections_0_0"/>
  <BlockFileSet Type="BlockSrcs" Name="design_1_DEBOUNCER_0_2"/>
  <BlockFileSet Type="BlockSrcs" Name="design_1_DEBOUNCER_4_0"/>
  <BlockFileSet Type="BlockSrcs" Name="design_1_DEBOUNCER_0_4"/>
  <BlockFileSet Type="BlockSrcs" Name="design_1_DEBOUNCER_0_3"/>
  <BlockFileSet Type="BlockSrcs" Name="design_1_BUZZER_RTL_0_0"/>
  <BlockFileSet Type="BlockSrcs" Name="design_1_DEBOUNCER_0_0"/>
  <BlockFileSet Type="BlockSrcs" Name="design_1_DEBOUNCER_0_1"/>
  <BlockFileSet Type="BlockSrcs" Name="design_1_DEBOUNCER_4_1"/>
  <BlockFileSet Type="BlockSrcs" Name="design_1_PWM_LED_RGB_0_1"/>
</GenRun>
