<?xml version="1.0"?>
<Runs Version="1" Minor="0">
	<Run Id="design_1_processing_system7_0_0_synth_1" LaunchDir="C:/Users/eseer/OneDrive/Escritorio/Universidarks/2025-1/IEE2463-SEP/Vivado/PROYECTOS/PROY_02/MAIN/MAIN.runs/design_1_processing_system7_0_0_synth_1" FlowId="Vivado_Synthesis" FromStepId="vivado" ToStepId="vivado"/>
	<Run Id="design_1_axi_quad_spi_0_0_synth_1" LaunchDir="C:/Users/eseer/OneDrive/Escritorio/Universidarks/2025-1/IEE2463-SEP/Vivado/PROYECTOS/PROY_02/MAIN/MAIN.runs/design_1_axi_quad_spi_0_0_synth_1" FlowId="Vivado_Synthesis" FromStepId="vivado" ToStepId="vivado"/>
	<Run Id="design_1_axi_timer_0_0_synth_1" LaunchDir="C:/Users/eseer/OneDrive/Escritorio/Universidarks/2025-1/IEE2463-SEP/Vivado/PROYECTOS/PROY_02/MAIN/MAIN.runs/design_1_axi_timer_0_0_synth_1" FlowId="Vivado_Synthesis" FromStepId="vivado" ToStepId="vivado"/>
	<Run Id="design_1_axi_quad_spi_1_0_synth_1" LaunchDir="C:/Users/eseer/OneDrive/Escritorio/Universidarks/2025-1/IEE2463-SEP/Vivado/PROYECTOS/PROY_02/MAIN/MAIN.runs/design_1_axi_quad_spi_1_0_synth_1" FlowId="Vivado_Synthesis" FromStepId="vivado" ToStepId="vivado" IsOrderedIPRun="true">
		<Parent Id="design_1_axi_quad_spi_0_0_synth_1"/>
	</Run>
	<Run Id="design_1_axi_gpio_1_0_synth_1" LaunchDir="C:/Users/eseer/OneDrive/Escritorio/Universidarks/2025-1/IEE2463-SEP/Vivado/PROYECTOS/PROY_02/MAIN/MAIN.runs/design_1_axi_gpio_1_0_synth_1" FlowId="Vivado_Synthesis" FromStepId="vivado" ToStepId="vivado"/>
	<Run Id="design_1_rst_ps7_0_50M_0_synth_1" LaunchDir="C:/Users/eseer/OneDrive/Escritorio/Universidarks/2025-1/IEE2463-SEP/Vivado/PROYECTOS/PROY_02/MAIN/MAIN.runs/design_1_rst_ps7_0_50M_0_synth_1" FlowId="Vivado_Synthesis" FromStepId="vivado" ToStepId="vivado"/>
	<Run Id="design_1_xbar_0_synth_1" LaunchDir="C:/Users/eseer/OneDrive/Escritorio/Universidarks/2025-1/IEE2463-SEP/Vivado/PROYECTOS/PROY_02/MAIN/MAIN.runs/design_1_xbar_0_synth_1" FlowId="Vivado_Synthesis" FromStepId="vivado" ToStepId="vivado"/>
	<Run Id="design_1_axi_gpio_0_0_synth_1" LaunchDir="C:/Users/eseer/OneDrive/Escritorio/Universidarks/2025-1/IEE2463-SEP/Vivado/PROYECTOS/PROY_02/MAIN/MAIN.runs/design_1_axi_gpio_0_0_synth_1" FlowId="Vivado_Synthesis" FromStepId="vivado" ToStepId="vivado"/>
	<Run Id="design_1_axi_iic_0_0_synth_1" LaunchDir="C:/Users/eseer/OneDrive/Escritorio/Universidarks/2025-1/IEE2463-SEP/Vivado/PROYECTOS/PROY_02/MAIN/MAIN.runs/design_1_axi_iic_0_0_synth_1" FlowId="Vivado_Synthesis" FromStepId="vivado" ToStepId="vivado"/>
	<Run Id="design_1_RGB_IDLE_DRIVER_0_0_synth_1" LaunchDir="C:/Users/eseer/OneDrive/Escritorio/Universidarks/2025-1/IEE2463-SEP/Vivado/PROYECTOS/PROY_02/MAIN/MAIN.runs/design_1_RGB_IDLE_DRIVER_0_0_synth_1" FlowId="Vivado_Synthesis" FromStepId="vivado" ToStepId="vivado"/>
	<Run Id="design_1_LED_TEST_DRIVER_0_0_synth_1" LaunchDir="C:/Users/eseer/OneDrive/Escritorio/Universidarks/2025-1/IEE2463-SEP/Vivado/PROYECTOS/PROY_02/MAIN/MAIN.runs/design_1_LED_TEST_DRIVER_0_0_synth_1" FlowId="Vivado_Synthesis" FromStepId="vivado" ToStepId="vivado"/>
	<Run Id="design_1_AXI_Connections_0_0_synth_1" LaunchDir="C:/Users/eseer/OneDrive/Escritorio/Universidarks/2025-1/IEE2463-SEP/Vivado/PROYECTOS/PROY_02/MAIN/MAIN.runs/design_1_AXI_Connections_0_0_synth_1" FlowId="Vivado_Synthesis" FromStepId="vivado" ToStepId="vivado"/>
	<Run Id="design_1_DEBOUNCER_0_2_synth_1" LaunchDir="C:/Users/eseer/OneDrive/Escritorio/Universidarks/2025-1/IEE2463-SEP/Vivado/PROYECTOS/PROY_02/MAIN/MAIN.runs/design_1_DEBOUNCER_0_2_synth_1" FlowId="Vivado_Synthesis" FromStepId="vivado" ToStepId="vivado"/>
	<Run Id="design_1_DEBOUNCER_0_4_synth_1" LaunchDir="C:/Users/eseer/OneDrive/Escritorio/Universidarks/2025-1/IEE2463-SEP/Vivado/PROYECTOS/PROY_02/MAIN/MAIN.runs/design_1_DEBOUNCER_0_4_synth_1" FlowId="Vivado_Synthesis" FromStepId="vivado" ToStepId="vivado" IsOrderedIPRun="true">
		<Parent Id="design_1_DEBOUNCER_0_2_synth_1"/>
	</Run>
	<Run Id="design_1_DEBOUNCER_4_0_synth_1" LaunchDir="C:/Users/eseer/OneDrive/Escritorio/Universidarks/2025-1/IEE2463-SEP/Vivado/PROYECTOS/PROY_02/MAIN/MAIN.runs/design_1_DEBOUNCER_4_0_synth_1" FlowId="Vivado_Synthesis" FromStepId="vivado" ToStepId="vivado" IsOrderedIPRun="true">
		<Parent Id="design_1_DEBOUNCER_0_2_synth_1"/>
	</Run>
	<Run Id="design_1_DEBOUNCER_0_3_synth_1" LaunchDir="C:/Users/eseer/OneDrive/Escritorio/Universidarks/2025-1/IEE2463-SEP/Vivado/PROYECTOS/PROY_02/MAIN/MAIN.runs/design_1_DEBOUNCER_0_3_synth_1" FlowId="Vivado_Synthesis" FromStepId="vivado" ToStepId="vivado" IsOrderedIPRun="true">
		<Parent Id="design_1_DEBOUNCER_0_2_synth_1"/>
	</Run>
	<Run Id="design_1_BUZZER_RTL_0_0_synth_1" LaunchDir="C:/Users/eseer/OneDrive/Escritorio/Universidarks/2025-1/IEE2463-SEP/Vivado/PROYECTOS/PROY_02/MAIN/MAIN.runs/design_1_BUZZER_RTL_0_0_synth_1" FlowId="Vivado_Synthesis" FromStepId="vivado" ToStepId="vivado"/>
	<Run Id="design_1_DEBOUNCER_0_0_synth_1" LaunchDir="C:/Users/eseer/OneDrive/Escritorio/Universidarks/2025-1/IEE2463-SEP/Vivado/PROYECTOS/PROY_02/MAIN/MAIN.runs/design_1_DEBOUNCER_0_0_synth_1" FlowId="Vivado_Synthesis" FromStepId="vivado" ToStepId="vivado" IsOrderedIPRun="true">
		<Parent Id="design_1_DEBOUNCER_0_2_synth_1"/>
	</Run>
	<Run Id="design_1_DEBOUNCER_0_1_synth_1" LaunchDir="C:/Users/eseer/OneDrive/Escritorio/Universidarks/2025-1/IEE2463-SEP/Vivado/PROYECTOS/PROY_02/MAIN/MAIN.runs/design_1_DEBOUNCER_0_1_synth_1" FlowId="Vivado_Synthesis" FromStepId="vivado" ToStepId="vivado" IsOrderedIPRun="true">
		<Parent Id="design_1_DEBOUNCER_0_2_synth_1"/>
	</Run>
	<Run Id="design_1_DEBOUNCER_4_1_synth_1" LaunchDir="C:/Users/eseer/OneDrive/Escritorio/Universidarks/2025-1/IEE2463-SEP/Vivado/PROYECTOS/PROY_02/MAIN/MAIN.runs/design_1_DEBOUNCER_4_1_synth_1" FlowId="Vivado_Synthesis" FromStepId="vivado" ToStepId="vivado" IsOrderedIPRun="true">
		<Parent Id="design_1_DEBOUNCER_0_2_synth_1"/>
	</Run>
	<Run Id="design_1_auto_pc_0_synth_1" LaunchDir="C:/Users/eseer/OneDrive/Escritorio/Universidarks/2025-1/IEE2463-SEP/Vivado/PROYECTOS/PROY_02/MAIN/MAIN.runs/design_1_auto_pc_0_synth_1" FlowId="Vivado_Synthesis" FromStepId="vivado" ToStepId="vivado"/>
	<Run Id="design_1_PWM_LED_RGB_0_1_synth_1" LaunchDir="C:/Users/eseer/OneDrive/Escritorio/Universidarks/2025-1/IEE2463-SEP/Vivado/PROYECTOS/PROY_02/MAIN/MAIN.runs/design_1_PWM_LED_RGB_0_1_synth_1" FlowId="Vivado_Synthesis" FromStepId="vivado" ToStepId="vivado"/>
	<Run Id="synth_1" LaunchDir="C:/Users/eseer/OneDrive/Escritorio/Universidarks/2025-1/IEE2463-SEP/Vivado/PROYECTOS/PROY_02/MAIN/MAIN.runs/synth_1" FlowId="Vivado_Synthesis" FromStepId="vivado" ToStepId="vivado">
		<Parent Id="design_1_processing_system7_0_0_synth_1"/>
		<Parent Id="design_1_axi_quad_spi_0_0_synth_1"/>
		<Parent Id="design_1_axi_timer_0_0_synth_1"/>
		<Parent Id="design_1_axi_quad_spi_1_0_synth_1"/>
		<Parent Id="design_1_axi_gpio_1_0_synth_1"/>
		<Parent Id="design_1_rst_ps7_0_50M_0_synth_1"/>
		<Parent Id="design_1_xbar_0_synth_1"/>
		<Parent Id="design_1_axi_gpio_0_0_synth_1"/>
		<Parent Id="design_1_axi_iic_0_0_synth_1"/>
		<Parent Id="design_1_RGB_IDLE_DRIVER_0_0_synth_1"/>
		<Parent Id="design_1_LED_TEST_DRIVER_0_0_synth_1"/>
		<Parent Id="design_1_AXI_Connections_0_0_synth_1"/>
		<Parent Id="design_1_DEBOUNCER_0_2_synth_1"/>
		<Parent Id="design_1_DEBOUNCER_0_4_synth_1"/>
		<Parent Id="design_1_DEBOUNCER_4_0_synth_1"/>
		<Parent Id="design_1_DEBOUNCER_0_3_synth_1"/>
		<Parent Id="design_1_BUZZER_RTL_0_0_synth_1"/>
		<Parent Id="design_1_DEBOUNCER_0_0_synth_1"/>
		<Parent Id="design_1_DEBOUNCER_0_1_synth_1"/>
		<Parent Id="design_1_DEBOUNCER_4_1_synth_1"/>
		<Parent Id="design_1_auto_pc_0_synth_1"/>
		<Parent Id="design_1_PWM_LED_RGB_0_1_synth_1"/>
	</Run>
	<Run Id="impl_1" LaunchDir="C:/Users/eseer/OneDrive/Escritorio/Universidarks/2025-1/IEE2463-SEP/Vivado/PROYECTOS/PROY_02/MAIN/MAIN.runs/impl_1" FlowId="Vivado_Implementation" FromStepId="init_design" ToStepId="write_bitstream">
		<Parent Id="synth_1"/>
		<Parent Id="design_1_processing_system7_0_0_synth_1"/>
		<Parent Id="design_1_axi_quad_spi_0_0_synth_1"/>
		<Parent Id="design_1_axi_timer_0_0_synth_1"/>
		<Parent Id="design_1_axi_quad_spi_1_0_synth_1"/>
		<Parent Id="design_1_axi_gpio_1_0_synth_1"/>
		<Parent Id="design_1_rst_ps7_0_50M_0_synth_1"/>
		<Parent Id="design_1_xbar_0_synth_1"/>
		<Parent Id="design_1_axi_gpio_0_0_synth_1"/>
		<Parent Id="design_1_axi_iic_0_0_synth_1"/>
		<Parent Id="design_1_RGB_IDLE_DRIVER_0_0_synth_1"/>
		<Parent Id="design_1_LED_TEST_DRIVER_0_0_synth_1"/>
		<Parent Id="design_1_AXI_Connections_0_0_synth_1"/>
		<Parent Id="design_1_DEBOUNCER_0_2_synth_1"/>
		<Parent Id="design_1_DEBOUNCER_0_4_synth_1"/>
		<Parent Id="design_1_DEBOUNCER_4_0_synth_1"/>
		<Parent Id="design_1_DEBOUNCER_0_3_synth_1"/>
		<Parent Id="design_1_BUZZER_RTL_0_0_synth_1"/>
		<Parent Id="design_1_DEBOUNCER_0_0_synth_1"/>
		<Parent Id="design_1_DEBOUNCER_0_1_synth_1"/>
		<Parent Id="design_1_DEBOUNCER_4_1_synth_1"/>
		<Parent Id="design_1_auto_pc_0_synth_1"/>
		<Parent Id="design_1_PWM_LED_RGB_0_1_synth_1"/>
	</Run>
	<Parameters>
		<Parameter Name="runs.monitorLSFJobs" Val="true" Type="bool"/>
		<Parameter Name="runs.enableClusterConf" Val="true" Type="bool"/>
	</Parameters>
</Runs>

