<?xml version="1.0" encoding="UTF-8"?>
<spirit:component xmlns:xilinx="http://www.xilinx.com" xmlns:spirit="http://www.spiritconsortium.org/XMLSchema/SPIRIT/1685-2009" xmlns:xsi="http://www.w3.org/2001/XMLSchema-instance">
  <spirit:vendor>xilinx.com</spirit:vendor>
  <spirit:library>user</spirit:library>
  <spirit:name>PWM_LED_RGB</spirit:name>
  <spirit:version>1.0</spirit:version>
  <spirit:busInterfaces>
    <spirit:busInterface>
      <spirit:name>clock</spirit:name>
      <spirit:busType spirit:vendor="xilinx.com" spirit:library="signal" spirit:name="clock" spirit:version="1.0"/>
      <spirit:abstractionType spirit:vendor="xilinx.com" spirit:library="signal" spirit:name="clock_rtl" spirit:version="1.0"/>
      <spirit:slave/>
      <spirit:portMaps>
        <spirit:portMap>
          <spirit:logicalPort>
            <spirit:name>CLK</spirit:name>
          </spirit:logicalPort>
          <spirit:physicalPort>
            <spirit:name>clock_125MHz</spirit:name>
          </spirit:physicalPort>
        </spirit:portMap>
      </spirit:portMaps>
      <spirit:parameters>
        <spirit:parameter>
          <spirit:name>FREQ_HZ</spirit:name>
          <spirit:value spirit:id="BUSIFPARAM_VALUE.CLOCK.FREQ_HZ">125000000</spirit:value>
        </spirit:parameter>
      </spirit:parameters>
    </spirit:busInterface>
  </spirit:busInterfaces>
  <spirit:model>
    <spirit:views>
      <spirit:view>
        <spirit:name>xilinx_anylanguagesynthesis</spirit:name>
        <spirit:displayName>Synthesis</spirit:displayName>
        <spirit:envIdentifier>:vivado.xilinx.com:synthesis</spirit:envIdentifier>
        <spirit:language>VHDL</spirit:language>
        <spirit:modelName>PWM</spirit:modelName>
        <spirit:fileSetRef>
          <spirit:localName>xilinx_anylanguagesynthesis_view_fileset</spirit:localName>
        </spirit:fileSetRef>
        <spirit:parameters>
          <spirit:parameter>
            <spirit:name>viewChecksum</spirit:name>
            <spirit:value>975e4064</spirit:value>
          </spirit:parameter>
        </spirit:parameters>
      </spirit:view>
      <spirit:view>
        <spirit:name>xilinx_anylanguagebehavioralsimulation</spirit:name>
        <spirit:displayName>Simulation</spirit:displayName>
        <spirit:envIdentifier>:vivado.xilinx.com:simulation</spirit:envIdentifier>
        <spirit:language>VHDL</spirit:language>
        <spirit:modelName>PWM</spirit:modelName>
        <spirit:fileSetRef>
          <spirit:localName>xilinx_anylanguagebehavioralsimulation_view_fileset</spirit:localName>
        </spirit:fileSetRef>
        <spirit:parameters>
          <spirit:parameter>
            <spirit:name>viewChecksum</spirit:name>
            <spirit:value>975e4064</spirit:value>
          </spirit:parameter>
        </spirit:parameters>
      </spirit:view>
      <spirit:view>
        <spirit:name>xilinx_xpgui</spirit:name>
        <spirit:displayName>UI Layout</spirit:displayName>
        <spirit:envIdentifier>:vivado.xilinx.com:xgui.ui</spirit:envIdentifier>
        <spirit:fileSetRef>
          <spirit:localName>xilinx_xpgui_view_fileset</spirit:localName>
        </spirit:fileSetRef>
        <spirit:parameters>
          <spirit:parameter>
            <spirit:name>viewChecksum</spirit:name>
            <spirit:value>f64a5dae</spirit:value>
          </spirit:parameter>
        </spirit:parameters>
      </spirit:view>
    </spirit:views>
    <spirit:ports>
      <spirit:port>
        <spirit:name>clock_125MHz</spirit:name>
        <spirit:wire>
          <spirit:direction>in</spirit:direction>
          <spirit:wireTypeDefs>
            <spirit:wireTypeDef>
              <spirit:typeName>std_logic</spirit:typeName>
              <spirit:viewNameRef>xilinx_anylanguagesynthesis</spirit:viewNameRef>
              <spirit:viewNameRef>xilinx_anylanguagebehavioralsimulation</spirit:viewNameRef>
            </spirit:wireTypeDef>
          </spirit:wireTypeDefs>
        </spirit:wire>
      </spirit:port>
      <spirit:port>
        <spirit:name>RGB</spirit:name>
        <spirit:wire>
          <spirit:direction>in</spirit:direction>
          <spirit:vector>
            <spirit:left spirit:format="long">11</spirit:left>
            <spirit:right spirit:format="long">0</spirit:right>
          </spirit:vector>
          <spirit:wireTypeDefs>
            <spirit:wireTypeDef>
              <spirit:typeName>std_logic_vector</spirit:typeName>
              <spirit:viewNameRef>xilinx_anylanguagesynthesis</spirit:viewNameRef>
              <spirit:viewNameRef>xilinx_anylanguagebehavioralsimulation</spirit:viewNameRef>
            </spirit:wireTypeDef>
          </spirit:wireTypeDefs>
        </spirit:wire>
      </spirit:port>
      <spirit:port>
        <spirit:name>led_rgb</spirit:name>
        <spirit:wire>
          <spirit:direction>out</spirit:direction>
          <spirit:vector>
            <spirit:left spirit:format="long">2</spirit:left>
            <spirit:right spirit:format="long">0</spirit:right>
          </spirit:vector>
          <spirit:wireTypeDefs>
            <spirit:wireTypeDef>
              <spirit:typeName>std_logic_vector</spirit:typeName>
              <spirit:viewNameRef>xilinx_anylanguagesynthesis</spirit:viewNameRef>
              <spirit:viewNameRef>xilinx_anylanguagebehavioralsimulation</spirit:viewNameRef>
            </spirit:wireTypeDef>
          </spirit:wireTypeDefs>
        </spirit:wire>
      </spirit:port>
    </spirit:ports>
  </spirit:model>
  <spirit:fileSets>
    <spirit:fileSet>
      <spirit:name>xilinx_anylanguagesynthesis_view_fileset</spirit:name>
      <spirit:file>
        <spirit:name>CLK_DIV.vhd</spirit:name>
        <spirit:fileType>vhdlSource</spirit:fileType>
      </spirit:file>
      <spirit:file>
        <spirit:name>PWM.vhd</spirit:name>
        <spirit:fileType>vhdlSource</spirit:fileType>
        <spirit:userFileType>CHECKSUM_542434e4</spirit:userFileType>
      </spirit:file>
    </spirit:fileSet>
    <spirit:fileSet>
      <spirit:name>xilinx_anylanguagebehavioralsimulation_view_fileset</spirit:name>
      <spirit:file>
        <spirit:name>CLK_DIV.vhd</spirit:name>
        <spirit:fileType>vhdlSource</spirit:fileType>
      </spirit:file>
      <spirit:file>
        <spirit:name>PWM.vhd</spirit:name>
        <spirit:fileType>vhdlSource</spirit:fileType>
      </spirit:file>
    </spirit:fileSet>
    <spirit:fileSet>
      <spirit:name>xilinx_xpgui_view_fileset</spirit:name>
      <spirit:file>
        <spirit:name>xgui/PWM_LED_RGB_v1_0.tcl</spirit:name>
        <spirit:fileType>tclSource</spirit:fileType>
        <spirit:userFileType>CHECKSUM_f64a5dae</spirit:userFileType>
        <spirit:userFileType>XGUI_VERSION_2</spirit:userFileType>
      </spirit:file>
    </spirit:fileSet>
  </spirit:fileSets>
  <spirit:description>PWM_LED_RGB</spirit:description>
  <spirit:parameters>
    <spirit:parameter>
      <spirit:name>Component_Name</spirit:name>
      <spirit:value spirit:resolve="user" spirit:id="PARAM_VALUE.Component_Name" spirit:order="1">PWM_v1_0</spirit:value>
    </spirit:parameter>
  </spirit:parameters>
  <spirit:vendorExtensions>
    <xilinx:coreExtensions>
      <xilinx:supportedFamilies>
        <xilinx:family xilinx:lifeCycle="Production">zynq</xilinx:family>
        <xilinx:family xilinx:lifeCycle="Production">qzynq</xilinx:family>
        <xilinx:family xilinx:lifeCycle="Production">azynq</xilinx:family>
        <xilinx:family xilinx:lifeCycle="Production">zynquplus</xilinx:family>
        <xilinx:family xilinx:lifeCycle="Production">virtexuplus</xilinx:family>
        <xilinx:family xilinx:lifeCycle="Production">virtexuplusHBM</xilinx:family>
        <xilinx:family xilinx:lifeCycle="Production">kintexu</xilinx:family>
      </xilinx:supportedFamilies>
      <xilinx:taxonomies>
        <xilinx:taxonomy>/UserIP</xilinx:taxonomy>
      </xilinx:taxonomies>
      <xilinx:displayName>PWM_LED_RGB</xilinx:displayName>
      <xilinx:definitionSource>package_project</xilinx:definitionSource>
      <xilinx:coreRevision>9</xilinx:coreRevision>
      <xilinx:coreCreationDateTime>2025-06-18T14:47:28Z</xilinx:coreCreationDateTime>
      <xilinx:tags>
        <xilinx:tag xilinx:name="ui.data.coregen.dd@42afdc56_ARCHIVE_LOCATION">c:/users/eseer/onedrive/escritorio/universidarks/2025-1/iee2463-sep/vivado/proyectos/proy_02/ips/pwm_led_rgb/pwm_led_rgb.srcs/sources_1/imports/new</xilinx:tag>
        <xilinx:tag xilinx:name="ui.data.coregen.dd@9352c9b_ARCHIVE_LOCATION">c:/users/eseer/onedrive/escritorio/universidarks/2025-1/iee2463-sep/vivado/proyectos/proy_02/ips/pwm_led_rgb/pwm_led_rgb.srcs/sources_1/imports/new</xilinx:tag>
        <xilinx:tag xilinx:name="ui.data.coregen.dd@76f72320_ARCHIVE_LOCATION">c:/users/eseer/onedrive/escritorio/universidarks/2025-1/iee2463-sep/vivado/proyectos/proy_02/ips/pwm_led_rgb/pwm_led_rgb.srcs/sources_1/imports/new</xilinx:tag>
        <xilinx:tag xilinx:name="ui.data.coregen.dd@56d69fb_ARCHIVE_LOCATION">c:/users/eseer/onedrive/escritorio/universidarks/2025-1/iee2463-sep/vivado/proyectos/proy_02/ips/pwm_led_rgb/pwm_led_rgb.srcs/sources_1/imports/new</xilinx:tag>
        <xilinx:tag xilinx:name="ui.data.coregen.dd@77dc6449_ARCHIVE_LOCATION">c:/users/eseer/onedrive/escritorio/universidarks/2025-1/iee2463-sep/vivado/proyectos/proy_02/ips/pwm_led_rgb/pwm_led_rgb.srcs/sources_1/imports/new</xilinx:tag>
        <xilinx:tag xilinx:name="ui.data.coregen.dd@39818ace_ARCHIVE_LOCATION">c:/users/eseer/onedrive/escritorio/universidarks/2025-1/iee2463-sep/vivado/proyectos/proy_02/ips/pwm_led_rgb/pwm_led_rgb.srcs/sources_1/imports/new</xilinx:tag>
        <xilinx:tag xilinx:name="ui.data.coregen.dd@659ea16d_ARCHIVE_LOCATION">c:/users/eseer/onedrive/escritorio/universidarks/2025-1/iee2463-sep/vivado/proyectos/proy_02/ips/pwm_led_rgb/pwm_led_rgb.srcs/sources_1/imports/new</xilinx:tag>
        <xilinx:tag xilinx:name="ui.data.coregen.dd@4c227d5e_ARCHIVE_LOCATION">c:/users/eseer/onedrive/escritorio/universidarks/2025-1/iee2463-sep/vivado/proyectos/proy_02/ips/pwm_led_rgb/pwm_led_rgb.srcs/sources_1/imports/new</xilinx:tag>
        <xilinx:tag xilinx:name="ui.data.coregen.dd@5d667fc5_ARCHIVE_LOCATION">c:/users/eseer/onedrive/escritorio/universidarks/2025-1/iee2463-sep/vivado/proyectos/proy_02/ips/pwm_led_rgb/pwm_led_rgb.srcs/sources_1/imports/new</xilinx:tag>
        <xilinx:tag xilinx:name="ui.data.coregen.dd@4a3a157f_ARCHIVE_LOCATION">c:/users/eseer/onedrive/escritorio/universidarks/2025-1/iee2463-sep/vivado/proyectos/proy_02/ips/pwm_led_rgb/pwm_led_rgb.srcs/sources_1/imports/new</xilinx:tag>
        <xilinx:tag xilinx:name="ui.data.coregen.dd@8b79529_ARCHIVE_LOCATION">c:/users/eseer/onedrive/escritorio/universidarks/2025-1/iee2463-sep/vivado/proyectos/proy_02/ips/pwm_led_rgb/pwm_led_rgb.srcs/sources_1/imports/new</xilinx:tag>
        <xilinx:tag xilinx:name="ui.data.coregen.dd@1a6c0e76_ARCHIVE_LOCATION">c:/users/eseer/onedrive/escritorio/universidarks/2025-1/iee2463-sep/vivado/proyectos/proy_02/ips/pwm_led_rgb/pwm_led_rgb.srcs/sources_1/imports/new</xilinx:tag>
        <xilinx:tag xilinx:name="ui.data.coregen.dd@10110d77_ARCHIVE_LOCATION">c:/users/eseer/onedrive/escritorio/universidarks/2025-1/iee2463-sep/vivado/proyectos/proy_02/ips/pwm_led_rgb/pwm_led_rgb.srcs/sources_1/imports/new</xilinx:tag>
        <xilinx:tag xilinx:name="ui.data.coregen.dd@44fb7226_ARCHIVE_LOCATION">c:/users/eseer/onedrive/escritorio/universidarks/2025-1/iee2463-sep/vivado/proyectos/proy_02/ips/pwm_led_rgb/pwm_led_rgb.srcs/sources_1/imports/new</xilinx:tag>
        <xilinx:tag xilinx:name="ui.data.coregen.dd@35636521_ARCHIVE_LOCATION">c:/users/eseer/onedrive/escritorio/universidarks/2025-1/iee2463-sep/vivado/proyectos/proy_02/ips/pwm_led_rgb/pwm_led_rgb.srcs/sources_1/imports/new</xilinx:tag>
        <xilinx:tag xilinx:name="ui.data.coregen.dd@247c8a04_ARCHIVE_LOCATION">c:/users/eseer/onedrive/escritorio/universidarks/2025-1/iee2463-sep/vivado/proyectos/proy_02/ips/pwm_led_rgb/pwm_led_rgb.srcs/sources_1/imports/new</xilinx:tag>
        <xilinx:tag xilinx:name="ui.data.coregen.dd@635f4fad_ARCHIVE_LOCATION">c:/users/eseer/onedrive/escritorio/universidarks/2025-1/iee2463-sep/vivado/proyectos/proy_02/ips/pwm_led_rgb/pwm_led_rgb.srcs/sources_1/imports/new</xilinx:tag>
        <xilinx:tag xilinx:name="ui.data.coregen.dd@1b8ea62a_ARCHIVE_LOCATION">c:/users/eseer/onedrive/escritorio/universidarks/2025-1/iee2463-sep/vivado/proyectos/proy_02/ips/pwm_led_rgb/pwm_led_rgb.srcs/sources_1/imports/new</xilinx:tag>
        <xilinx:tag xilinx:name="ui.data.coregen.dd@6c48804c_ARCHIVE_LOCATION">c:/users/eseer/onedrive/escritorio/universidarks/2025-1/iee2463-sep/vivado/proyectos/proy_02/ips/pwm_led_rgb/pwm_led_rgb.srcs/sources_1/imports/new</xilinx:tag>
        <xilinx:tag xilinx:name="ui.data.coregen.dd@38dbe0b4_ARCHIVE_LOCATION">c:/users/eseer/onedrive/escritorio/universidarks/2025-1/iee2463-sep/vivado/proyectos/proy_02/ips/pwm_led_rgb/pwm_led_rgb.srcs/sources_1/imports/new</xilinx:tag>
        <xilinx:tag xilinx:name="ui.data.coregen.dd@284e6e0c_ARCHIVE_LOCATION">c:/users/eseer/onedrive/escritorio/universidarks/2025-1/iee2463-sep/vivado/proyectos/proy_02/ips/pwm_led_rgb/pwm_led_rgb.srcs/sources_1/imports/new</xilinx:tag>
        <xilinx:tag xilinx:name="ui.data.coregen.dd@3e855abf_ARCHIVE_LOCATION">c:/users/eseer/onedrive/escritorio/universidarks/2025-1/iee2463-sep/vivado/proyectos/proy_02/ips/pwm_led_rgb/pwm_led_rgb.srcs/sources_1/imports/new</xilinx:tag>
        <xilinx:tag xilinx:name="ui.data.coregen.dd@7d0082e4_ARCHIVE_LOCATION">c:/users/eseer/onedrive/escritorio/universidarks/2025-1/iee2463-sep/vivado/proyectos/proy_02/ips/pwm_led_rgb/pwm_led_rgb.srcs/sources_1/imports/new</xilinx:tag>
        <xilinx:tag xilinx:name="ui.data.coregen.dd@34fd3a7e_ARCHIVE_LOCATION">c:/users/eseer/onedrive/escritorio/universidarks/2025-1/iee2463-sep/vivado/proyectos/proy_02/ips/pwm_led_rgb/pwm_led_rgb.srcs/sources_1/imports/new</xilinx:tag>
        <xilinx:tag xilinx:name="ui.data.coregen.dd@43f9f204_ARCHIVE_LOCATION">c:/users/eseer/onedrive/escritorio/universidarks/2025-1/iee2463-sep/vivado/proyectos/proy_02/ips/pwm_led_rgb/pwm_led_rgb.srcs/sources_1/imports/new</xilinx:tag>
        <xilinx:tag xilinx:name="ui.data.coregen.dd@341e8691_ARCHIVE_LOCATION">c:/users/eseer/onedrive/escritorio/universidarks/2025-1/iee2463-sep/vivado/proyectos/proy_02/ips/pwm_led_rgb/pwm_led_rgb.srcs/sources_1/imports/new</xilinx:tag>
        <xilinx:tag xilinx:name="ui.data.coregen.dd@5bcdab63_ARCHIVE_LOCATION">c:/users/eseer/onedrive/escritorio/universidarks/2025-1/iee2463-sep/vivado/proyectos/proy_02/ips/pwm_led_rgb/pwm_led_rgb.srcs/sources_1/imports/new</xilinx:tag>
        <xilinx:tag xilinx:name="ui.data.coregen.dd@2dc181a2_ARCHIVE_LOCATION">c:/users/eseer/onedrive/escritorio/universidarks/2025-1/iee2463-sep/vivado/proyectos/proy_02/ips/pwm_led_rgb/pwm_led_rgb.srcs/sources_1/imports/new</xilinx:tag>
        <xilinx:tag xilinx:name="ui.data.coregen.dd@7083f89a_ARCHIVE_LOCATION">c:/users/eseer/onedrive/escritorio/universidarks/2025-1/iee2463-sep/vivado/proyectos/proy_02/ips/pwm_led_rgb/pwm_led_rgb.srcs/sources_1/imports/new</xilinx:tag>
        <xilinx:tag xilinx:name="ui.data.coregen.dd@11862b1b_ARCHIVE_LOCATION">c:/users/eseer/onedrive/escritorio/universidarks/2025-1/iee2463-sep/vivado/proyectos/proy_02/ips/pwm_led_rgb/pwm_led_rgb.srcs/sources_1/imports/new</xilinx:tag>
        <xilinx:tag xilinx:name="ui.data.coregen.dd@5171351d_ARCHIVE_LOCATION">c:/users/eseer/onedrive/escritorio/universidarks/2025-1/iee2463-sep/vivado/proyectos/proy_02/ips/pwm_led_rgb/pwm_led_rgb.srcs/sources_1/imports/new</xilinx:tag>
        <xilinx:tag xilinx:name="ui.data.coregen.dd@67954e31_ARCHIVE_LOCATION">c:/users/eseer/onedrive/escritorio/universidarks/2025-1/iee2463-sep/vivado/proyectos/proy_02/ips/pwm_led_rgb/pwm_led_rgb.srcs/sources_1/imports/new</xilinx:tag>
        <xilinx:tag xilinx:name="ui.data.coregen.dd@9220a50_ARCHIVE_LOCATION">c:/users/eseer/onedrive/escritorio/universidarks/2025-1/iee2463-sep/vivado/proyectos/proy_02/ips/pwm_led_rgb/pwm_led_rgb.srcs/sources_1/imports/new</xilinx:tag>
        <xilinx:tag xilinx:name="ui.data.coregen.dd@47b0f7e_ARCHIVE_LOCATION">c:/users/eseer/onedrive/escritorio/universidarks/2025-1/iee2463-sep/vivado/proyectos/proy_02/ips/pwm_led_rgb/pwm_led_rgb.srcs/sources_1/imports/new</xilinx:tag>
        <xilinx:tag xilinx:name="ui.data.coregen.dd@65c762cf_ARCHIVE_LOCATION">c:/users/eseer/onedrive/escritorio/universidarks/2025-1/iee2463-sep/vivado/proyectos/proy_02/ips/pwm_led_rgb/pwm_led_rgb.srcs/sources_1/imports/new</xilinx:tag>
        <xilinx:tag xilinx:name="ui.data.coregen.dd@7f603a9c_ARCHIVE_LOCATION">c:/users/eseer/onedrive/escritorio/universidarks/2025-1/iee2463-sep/vivado/proyectos/proy_02/ips/pwm_led_rgb/pwm_led_rgb.srcs/sources_1/imports/new</xilinx:tag>
        <xilinx:tag xilinx:name="ui.data.coregen.dd@29d9e512_ARCHIVE_LOCATION">c:/users/eseer/onedrive/escritorio/universidarks/2025-1/iee2463-sep/vivado/proyectos/proy_02/ips/pwm_led_rgb/pwm_led_rgb.srcs/sources_1/imports/new</xilinx:tag>
        <xilinx:tag xilinx:name="ui.data.coregen.dd@7459099e_ARCHIVE_LOCATION">c:/Users/eseer/OneDrive/Escritorio/Universidarks/2025-1/IEE2463-SEP/Vivado/PROYECTOS/PROY_02/IP/PWM_LED_RGB/PWM_LED_RGB.srcs/sources_1/imports/new</xilinx:tag>
        <xilinx:tag xilinx:name="ui.data.coregen.dd@40cdd152_ARCHIVE_LOCATION">c:/Users/eseer/OneDrive/Escritorio/Universidarks/2025-1/IEE2463-SEP/Vivado/PROYECTOS/PROY_02/IP/PWM_LED_RGB/PWM_LED_RGB.srcs/sources_1/imports/new</xilinx:tag>
        <xilinx:tag xilinx:name="ui.data.coregen.dd@79da4ad1_ARCHIVE_LOCATION">c:/Users/eseer/OneDrive/Escritorio/Universidarks/2025-1/IEE2463-SEP/Vivado/PROYECTOS/PROY_02/IP/PWM_LED_RGB/PWM_LED_RGB.srcs/sources_1/imports/new</xilinx:tag>
        <xilinx:tag xilinx:name="ui.data.coregen.dd@7e27cece_ARCHIVE_LOCATION">c:/Users/eseer/OneDrive/Escritorio/Universidarks/2025-1/IEE2463-SEP/Vivado/PROYECTOS/PROY_02/IP/PWM_LED_RGB/PWM_LED_RGB.srcs/sources_1/imports/new</xilinx:tag>
        <xilinx:tag xilinx:name="ui.data.coregen.dd@598f833a_ARCHIVE_LOCATION">c:/Users/eseer/OneDrive/Escritorio/Universidarks/2025-1/IEE2463-SEP/Vivado/PROYECTOS/PROY_02/IP/PWM_LED_RGB/PWM_LED_RGB.srcs/sources_1/imports/new</xilinx:tag>
        <xilinx:tag xilinx:name="ui.data.coregen.dd@7eed82b2_ARCHIVE_LOCATION">c:/Users/eseer/OneDrive/Escritorio/Universidarks/2025-1/IEE2463-SEP/Vivado/PROYECTOS/PROY_02/IP/PWM_LED_RGB/PWM_LED_RGB.srcs/sources_1/imports/new</xilinx:tag>
        <xilinx:tag xilinx:name="ui.data.coregen.dd@315c380f_ARCHIVE_LOCATION">c:/Users/eseer/OneDrive/Escritorio/Universidarks/2025-1/IEE2463-SEP/Vivado/PROYECTOS/PROY_02/IP/PWM_LED_RGB/PWM_LED_RGB.srcs/sources_1/imports/new</xilinx:tag>
        <xilinx:tag xilinx:name="ui.data.coregen.dd@6d7db3fb_ARCHIVE_LOCATION">c:/Users/eseer/OneDrive/Escritorio/Universidarks/2025-1/IEE2463-SEP/Vivado/PROYECTOS/PROY_02/IP/PWM_LED_RGB/PWM_LED_RGB.srcs/sources_1/imports/new</xilinx:tag>
        <xilinx:tag xilinx:name="ui.data.coregen.dd@58b50fdc_ARCHIVE_LOCATION">c:/Users/eseer/OneDrive/Escritorio/Universidarks/2025-1/IEE2463-SEP/Vivado/PROYECTOS/PROY_02/IP/PWM_LED_RGB/PWM_LED_RGB.srcs/sources_1/imports/new</xilinx:tag>
        <xilinx:tag xilinx:name="ui.data.coregen.dd@1841c49d_ARCHIVE_LOCATION">c:/Users/eseer/OneDrive/Escritorio/Universidarks/2025-1/IEE2463-SEP/Vivado/PROYECTOS/PROY_02/IP/PWM_LED_RGB/PWM_LED_RGB.srcs/sources_1/imports/new</xilinx:tag>
        <xilinx:tag xilinx:name="ui.data.coregen.dd@7ca88282_ARCHIVE_LOCATION">c:/Users/eseer/OneDrive/Escritorio/Universidarks/2025-1/IEE2463-SEP/Vivado/PROYECTOS/PROY_02/IP/PWM_LED_RGB/PWM_LED_RGB.srcs/sources_1/imports/new</xilinx:tag>
        <xilinx:tag xilinx:name="ui.data.coregen.dd@541062f4_ARCHIVE_LOCATION">c:/Users/eseer/OneDrive/Escritorio/Universidarks/2025-1/IEE2463-SEP/Vivado/PROYECTOS/PROY_02/IP/PWM_LED_RGB/PWM_LED_RGB.srcs/sources_1/imports/new</xilinx:tag>
        <xilinx:tag xilinx:name="ui.data.coregen.dd@3a16c156_ARCHIVE_LOCATION">c:/Users/eseer/OneDrive/Escritorio/Universidarks/2025-1/IEE2463-SEP/Vivado/PROYECTOS/PROY_02/IP/PWM_LED_RGB/PWM_LED_RGB.srcs/sources_1/imports/new</xilinx:tag>
        <xilinx:tag xilinx:name="ui.data.coregen.dd@643b3086_ARCHIVE_LOCATION">c:/Users/eseer/OneDrive/Escritorio/Universidarks/2025-1/IEE2463-SEP/Vivado/PROYECTOS/PROY_02/IP/PWM_LED_RGB/PWM_LED_RGB.srcs/sources_1/imports/new</xilinx:tag>
        <xilinx:tag xilinx:name="ui.data.coregen.dd@b1e7f7e_ARCHIVE_LOCATION">c:/Users/eseer/OneDrive/Escritorio/Universidarks/2025-1/IEE2463-SEP/Vivado/PROYECTOS/PROY_02/IP/PWM_LED_RGB/PWM_LED_RGB.srcs/sources_1/imports/new</xilinx:tag>
        <xilinx:tag xilinx:name="ui.data.coregen.dd@6a14d675_ARCHIVE_LOCATION">c:/Users/eseer/OneDrive/Escritorio/Universidarks/2025-1/IEE2463-SEP/Vivado/PROYECTOS/PROY_02/IP/PWM_LED_RGB/PWM_LED_RGB.srcs/sources_1/imports/new</xilinx:tag>
        <xilinx:tag xilinx:name="ui.data.coregen.dd@6f6c8efc_ARCHIVE_LOCATION">c:/Users/eseer/OneDrive/Escritorio/Universidarks/2025-1/IEE2463-SEP/Vivado/PROYECTOS/PROY_02/IP/PWM_LED_RGB/PWM_LED_RGB.srcs/sources_1/imports/new</xilinx:tag>
        <xilinx:tag xilinx:name="ui.data.coregen.dd@7309fe30_ARCHIVE_LOCATION">c:/Users/eseer/OneDrive/Escritorio/Universidarks/2025-1/IEE2463-SEP/Vivado/PROYECTOS/PROY_02/IP/PWM_LED_RGB/PWM_LED_RGB.srcs/sources_1/imports/new</xilinx:tag>
        <xilinx:tag xilinx:name="ui.data.coregen.dd@1ce0282f_ARCHIVE_LOCATION">c:/Users/eseer/OneDrive/Escritorio/Universidarks/2025-1/IEE2463-SEP/Vivado/PROYECTOS/PROY_02/IP/PWM_LED_RGB/PWM_LED_RGB.srcs/sources_1/imports/new</xilinx:tag>
        <xilinx:tag xilinx:name="ui.data.coregen.dd@6124e7c1_ARCHIVE_LOCATION">c:/Users/eseer/OneDrive/Escritorio/Universidarks/2025-1/IEE2463-SEP/Vivado/PROYECTOS/PROY_02/IP/PWM_LED_RGB/PWM_LED_RGB.srcs/sources_1/imports/new</xilinx:tag>
        <xilinx:tag xilinx:name="ui.data.coregen.dd@4bd0c50d_ARCHIVE_LOCATION">c:/Users/eseer/OneDrive/Escritorio/Universidarks/2025-1/IEE2463-SEP/Vivado/PROYECTOS/PROY_02/IP/PWM_LED_RGB/PWM_LED_RGB.srcs/sources_1/imports/new</xilinx:tag>
        <xilinx:tag xilinx:name="ui.data.coregen.dd@1e90acb9_ARCHIVE_LOCATION">c:/Users/eseer/OneDrive/Escritorio/Universidarks/2025-1/IEE2463-SEP/Vivado/PROYECTOS/PROY_02/IP/PWM_LED_RGB/PWM_LED_RGB.srcs/sources_1/imports/new</xilinx:tag>
        <xilinx:tag xilinx:name="ui.data.coregen.dd@61e194e_ARCHIVE_LOCATION">c:/Users/eseer/OneDrive/Escritorio/Universidarks/2025-1/IEE2463-SEP/Vivado/PROYECTOS/PROY_02/IP/PWM_LED_RGB/PWM_LED_RGB.srcs/sources_1/imports/new</xilinx:tag>
        <xilinx:tag xilinx:name="ui.data.coregen.dd@588a3863_ARCHIVE_LOCATION">c:/Users/eseer/OneDrive/Escritorio/Universidarks/2025-1/IEE2463-SEP/Vivado/PROYECTOS/PROY_02/IP/PWM_LED_RGB/PWM_LED_RGB.srcs/sources_1/imports/new</xilinx:tag>
        <xilinx:tag xilinx:name="ui.data.coregen.dd@25cda83c_ARCHIVE_LOCATION">c:/Users/eseer/OneDrive/Escritorio/Universidarks/2025-1/IEE2463-SEP/Vivado/PROYECTOS/PROY_02/IP/PWM_LED_RGB/PWM_LED_RGB.srcs/sources_1/imports/new</xilinx:tag>
        <xilinx:tag xilinx:name="ui.data.coregen.dd@1d80e2f1_ARCHIVE_LOCATION">c:/Users/eseer/OneDrive/Escritorio/Universidarks/2025-1/IEE2463-SEP/Vivado/PROYECTOS/PROY_02/IP/PWM_LED_RGB/PWM_LED_RGB.srcs/sources_1/imports/new</xilinx:tag>
        <xilinx:tag xilinx:name="ui.data.coregen.dd@3e70154a_ARCHIVE_LOCATION">c:/Users/eseer/OneDrive/Escritorio/Universidarks/2025-1/IEE2463-SEP/Vivado/PROYECTOS/PROY_02/IP/PWM_LED_RGB/PWM_LED_RGB.srcs/sources_1/imports/new</xilinx:tag>
        <xilinx:tag xilinx:name="ui.data.coregen.dd@2851004_ARCHIVE_LOCATION">c:/Users/eseer/OneDrive/Escritorio/Universidarks/2025-1/IEE2463-SEP/Vivado/PROYECTOS/PROY_02/IP/PWM_LED_RGB/PWM_LED_RGB.srcs/sources_1/imports/new</xilinx:tag>
        <xilinx:tag xilinx:name="ui.data.coregen.dd@7c3d7df5_ARCHIVE_LOCATION">c:/Users/eseer/OneDrive/Escritorio/Universidarks/2025-1/IEE2463-SEP/Vivado/PROYECTOS/PROY_02/IP/PWM_LED_RGB/PWM_LED_RGB.srcs/sources_1/imports/new</xilinx:tag>
        <xilinx:tag xilinx:name="ui.data.coregen.dd@43e24255_ARCHIVE_LOCATION">c:/Users/eseer/OneDrive/Escritorio/Universidarks/2025-1/IEE2463-SEP/Vivado/PROYECTOS/PROY_02/IP/PWM_LED_RGB/PWM_LED_RGB.srcs/sources_1/imports/new</xilinx:tag>
        <xilinx:tag xilinx:name="ui.data.coregen.dd@79d6ca53_ARCHIVE_LOCATION">c:/Users/eseer/OneDrive/Escritorio/Universidarks/2025-1/IEE2463-SEP/Vivado/PROYECTOS/PROY_02/IP/PWM_LED_RGB/PWM_LED_RGB.srcs/sources_1/imports/new</xilinx:tag>
        <xilinx:tag xilinx:name="ui.data.coregen.dd@7531d5c_ARCHIVE_LOCATION">c:/Users/eseer/OneDrive/Escritorio/Universidarks/2025-1/IEE2463-SEP/Vivado/PROYECTOS/PROY_02/IP/PWM_LED_RGB/PWM_LED_RGB.srcs/sources_1/imports/new</xilinx:tag>
        <xilinx:tag xilinx:name="ui.data.coregen.dd@582ca162_ARCHIVE_LOCATION">c:/Users/eseer/OneDrive/Escritorio/Universidarks/2025-1/IEE2463-SEP/Vivado/PROYECTOS/PROY_02/IP/PWM_LED_RGB/PWM_LED_RGB.srcs/sources_1/imports/new</xilinx:tag>
        <xilinx:tag xilinx:name="ui.data.coregen.dd@744e9984_ARCHIVE_LOCATION">c:/Users/eseer/OneDrive/Escritorio/Universidarks/2025-1/IEE2463-SEP/Vivado/PROYECTOS/PROY_02/IP/PWM_LED_RGB/PWM_LED_RGB.srcs/sources_1/imports/new</xilinx:tag>
        <xilinx:tag xilinx:name="ui.data.coregen.dd@357dada6_ARCHIVE_LOCATION">c:/Users/eseer/OneDrive/Escritorio/Universidarks/2025-1/IEE2463-SEP/Vivado/PROYECTOS/PROY_02/IP/PWM_LED_RGB/PWM_LED_RGB.srcs/sources_1/imports/new</xilinx:tag>
        <xilinx:tag xilinx:name="ui.data.coregen.dd@2baa384a_ARCHIVE_LOCATION">c:/Users/eseer/OneDrive/Escritorio/Universidarks/2025-1/IEE2463-SEP/Vivado/PROYECTOS/PROY_02/IP/PWM_LED_RGB/PWM_LED_RGB.srcs/sources_1/imports/new</xilinx:tag>
        <xilinx:tag xilinx:name="ui.data.coregen.dd@693df44f_ARCHIVE_LOCATION">c:/Users/eseer/OneDrive/Escritorio/Universidarks/2025-1/IEE2463-SEP/Vivado/PROYECTOS/PROY_02/IP/PWM_LED_RGB/PWM_LED_RGB.srcs/sources_1/imports/new</xilinx:tag>
        <xilinx:tag xilinx:name="ui.data.coregen.dd@7605c467_ARCHIVE_LOCATION">c:/Users/eseer/OneDrive/Escritorio/Universidarks/2025-1/IEE2463-SEP/Vivado/PROYECTOS/PROY_02/IP/PWM_LED_RGB/PWM_LED_RGB.srcs/sources_1/imports/new</xilinx:tag>
        <xilinx:tag xilinx:name="ui.data.coregen.dd@6b967bee_ARCHIVE_LOCATION">c:/Users/eseer/OneDrive/Escritorio/Universidarks/2025-1/IEE2463-SEP/Vivado/PROYECTOS/PROY_02/IP/PWM_LED_RGB/PWM_LED_RGB.srcs/sources_1/imports/new</xilinx:tag>
        <xilinx:tag xilinx:name="ui.data.coregen.dd@6f6c789f_ARCHIVE_LOCATION">c:/Users/eseer/OneDrive/Escritorio/Universidarks/2025-1/IEE2463-SEP/Vivado/PROYECTOS/PROY_02/IP/PWM_LED_RGB/PWM_LED_RGB.srcs/sources_1/imports/new</xilinx:tag>
        <xilinx:tag xilinx:name="ui.data.coregen.dd@716fc9c9_ARCHIVE_LOCATION">c:/Users/eseer/OneDrive/Escritorio/Universidarks/2025-1/IEE2463-SEP/Vivado/PROYECTOS/PROY_02/IP/PWM_LED_RGB/PWM_LED_RGB.srcs/sources_1/imports/new</xilinx:tag>
        <xilinx:tag xilinx:name="ui.data.coregen.dd@57634720_ARCHIVE_LOCATION">c:/Users/eseer/OneDrive/Escritorio/Universidarks/2025-1/IEE2463-SEP/Vivado/PROYECTOS/PROY_02/IP/PWM_LED_RGB/PWM_LED_RGB.srcs/sources_1/imports/new</xilinx:tag>
        <xilinx:tag xilinx:name="ui.data.coregen.dd@3f0946c1_ARCHIVE_LOCATION">c:/Users/eseer/OneDrive/Escritorio/Universidarks/2025-1/IEE2463-SEP/Vivado/PROYECTOS/PROY_02/IP/PWM_LED_RGB/PWM_LED_RGB.srcs/sources_1/imports/new</xilinx:tag>
        <xilinx:tag xilinx:name="ui.data.coregen.dd@2de7840d_ARCHIVE_LOCATION">c:/Users/eseer/OneDrive/Escritorio/Universidarks/2025-1/IEE2463-SEP/Vivado/PROYECTOS/PROY_02/IP/PWM_LED_RGB/PWM_LED_RGB.srcs/sources_1/imports/new</xilinx:tag>
        <xilinx:tag xilinx:name="ui.data.coregen.dd@78b67e85_ARCHIVE_LOCATION">c:/Users/eseer/OneDrive/Escritorio/Universidarks/2025-1/IEE2463-SEP/Vivado/PROYECTOS/PROY_02/IP/PWM_LED_RGB/PWM_LED_RGB.srcs/sources_1/imports/new</xilinx:tag>
        <xilinx:tag xilinx:name="ui.data.coregen.dd@6dddab3b_ARCHIVE_LOCATION">c:/Users/eseer/OneDrive/Escritorio/Universidarks/2025-1/IEE2463-SEP/Vivado/PROYECTOS/PROY_02/IP/PWM_LED_RGB/PWM_LED_RGB.srcs/sources_1/imports/new</xilinx:tag>
        <xilinx:tag xilinx:name="ui.data.coregen.dd@33b10f18_ARCHIVE_LOCATION">c:/Users/eseer/OneDrive/Escritorio/Universidarks/2025-1/IEE2463-SEP/Vivado/PROYECTOS/PROY_02/IP/PWM_LED_RGB/PWM_LED_RGB.srcs/sources_1/imports/new</xilinx:tag>
        <xilinx:tag xilinx:name="ui.data.coregen.dd@ab2a59f_ARCHIVE_LOCATION">c:/Users/eseer/OneDrive/Escritorio/Universidarks/2025-1/IEE2463-SEP/Vivado/PROYECTOS/PROY_02/IP/PWM_LED_RGB/PWM_LED_RGB.srcs/sources_1/imports/new</xilinx:tag>
        <xilinx:tag xilinx:name="ui.data.coregen.dd@42aec62d_ARCHIVE_LOCATION">c:/Users/eseer/OneDrive/Escritorio/Universidarks/2025-1/IEE2463-SEP/Vivado/PROYECTOS/PROY_02/IP/PWM_LED_RGB/PWM_LED_RGB.srcs/sources_1/imports/new</xilinx:tag>
        <xilinx:tag xilinx:name="ui.data.coregen.dd@72fcd4a1_ARCHIVE_LOCATION">c:/Users/eseer/OneDrive/Escritorio/Universidarks/2025-1/IEE2463-SEP/Vivado/PROYECTOS/PROY_02/IP/PWM_LED_RGB/PWM_LED_RGB.srcs/sources_1/imports/new</xilinx:tag>
        <xilinx:tag xilinx:name="ui.data.coregen.dd@4799acdd_ARCHIVE_LOCATION">c:/Users/eseer/OneDrive/Escritorio/Universidarks/2025-1/IEE2463-SEP/Vivado/PROYECTOS/PROY_02/IP/PWM_LED_RGB/PWM_LED_RGB.srcs/sources_1/imports/new</xilinx:tag>
        <xilinx:tag xilinx:name="ui.data.coregen.dd@32670c3c_ARCHIVE_LOCATION">c:/Users/eseer/OneDrive/Escritorio/Universidarks/2025-1/IEE2463-SEP/Vivado/PROYECTOS/PROY_02/IP/PWM_LED_RGB/PWM_LED_RGB.srcs/sources_1/imports/new</xilinx:tag>
      </xilinx:tags>
    </xilinx:coreExtensions>
    <xilinx:packagingInfo>
      <xilinx:xilinxVersion>2020.1</xilinx:xilinxVersion>
      <xilinx:checksum xilinx:scope="busInterfaces" xilinx:value="5dfe9c6e"/>
      <xilinx:checksum xilinx:scope="fileGroups" xilinx:value="d133ee48"/>
      <xilinx:checksum xilinx:scope="ports" xilinx:value="8c89a083"/>
      <xilinx:checksum xilinx:scope="parameters" xilinx:value="583abd77"/>
    </xilinx:packagingInfo>
  </spirit:vendorExtensions>
</spirit:component>
