<?xml version="1.0" encoding="UTF-8"?>
<spirit:component xmlns:xilinx="http://www.xilinx.com" xmlns:spirit="http://www.spiritconsortium.org/XMLSchema/SPIRIT/1685-2009" xmlns:xsi="http://www.w3.org/2001/XMLSchema-instance">
  <spirit:vendor>xilinx.com</spirit:vendor>
  <spirit:library>user</spirit:library>
  <spirit:name>DEBOUNCER</spirit:name>
  <spirit:version>1.0</spirit:version>
  <spirit:model>
    <spirit:views>
      <spirit:view>
        <spirit:name>xilinx_anylanguagesynthesis</spirit:name>
        <spirit:displayName>Synthesis</spirit:displayName>
        <spirit:envIdentifier>:vivado.xilinx.com:synthesis</spirit:envIdentifier>
        <spirit:language>VHDL</spirit:language>
        <spirit:modelName>DEBOUNCER</spirit:modelName>
        <spirit:fileSetRef>
          <spirit:localName>xilinx_anylanguagesynthesis_view_fileset</spirit:localName>
        </spirit:fileSetRef>
        <spirit:parameters>
          <spirit:parameter>
            <spirit:name>viewChecksum</spirit:name>
            <spirit:value>aff6c3f7</spirit:value>
          </spirit:parameter>
        </spirit:parameters>
      </spirit:view>
      <spirit:view>
        <spirit:name>xilinx_anylanguagebehavioralsimulation</spirit:name>
        <spirit:displayName>Simulation</spirit:displayName>
        <spirit:envIdentifier>:vivado.xilinx.com:simulation</spirit:envIdentifier>
        <spirit:language>VHDL</spirit:language>
        <spirit:modelName>DEBOUNCER</spirit:modelName>
        <spirit:fileSetRef>
          <spirit:localName>xilinx_anylanguagebehavioralsimulation_view_fileset</spirit:localName>
        </spirit:fileSetRef>
        <spirit:parameters>
          <spirit:parameter>
            <spirit:name>viewChecksum</spirit:name>
            <spirit:value>aff6c3f7</spirit:value>
          </spirit:parameter>
        </spirit:parameters>
      </spirit:view>
      <spirit:view>
        <spirit:name>xilinx_xpgui</spirit:name>
        <spirit:displayName>UI Layout</spirit:displayName>
        <spirit:envIdentifier>:vivado.xilinx.com:xgui.ui</spirit:envIdentifier>
        <spirit:fileSetRef>
          <spirit:localName>xilinx_xpgui_view_fileset</spirit:localName>
        </spirit:fileSetRef>
        <spirit:parameters>
          <spirit:parameter>
            <spirit:name>viewChecksum</spirit:name>
            <spirit:value>f64a5dae</spirit:value>
          </spirit:parameter>
        </spirit:parameters>
      </spirit:view>
      <spirit:view>
        <spirit:name>xilinx_testbench</spirit:name>
        <spirit:displayName>Test Bench</spirit:displayName>
        <spirit:envIdentifier>:vivado.xilinx.com:simulation.testbench</spirit:envIdentifier>
        <spirit:fileSetRef>
          <spirit:localName>xilinx_testbench_view_fileset</spirit:localName>
        </spirit:fileSetRef>
        <spirit:parameters>
          <spirit:parameter>
            <spirit:name>viewChecksum</spirit:name>
            <spirit:value>86300006</spirit:value>
          </spirit:parameter>
        </spirit:parameters>
      </spirit:view>
    </spirit:views>
    <spirit:ports>
      <spirit:port>
        <spirit:name>btn</spirit:name>
        <spirit:wire>
          <spirit:direction>in</spirit:direction>
          <spirit:wireTypeDefs>
            <spirit:wireTypeDef>
              <spirit:typeName>std_logic</spirit:typeName>
              <spirit:viewNameRef>xilinx_anylanguagesynthesis</spirit:viewNameRef>
              <spirit:viewNameRef>xilinx_anylanguagebehavioralsimulation</spirit:viewNameRef>
            </spirit:wireTypeDef>
          </spirit:wireTypeDefs>
        </spirit:wire>
      </spirit:port>
      <spirit:port>
        <spirit:name>clk_125M</spirit:name>
        <spirit:wire>
          <spirit:direction>in</spirit:direction>
          <spirit:wireTypeDefs>
            <spirit:wireTypeDef>
              <spirit:typeName>std_logic</spirit:typeName>
              <spirit:viewNameRef>xilinx_anylanguagesynthesis</spirit:viewNameRef>
              <spirit:viewNameRef>xilinx_anylanguagebehavioralsimulation</spirit:viewNameRef>
            </spirit:wireTypeDef>
          </spirit:wireTypeDefs>
        </spirit:wire>
      </spirit:port>
      <spirit:port>
        <spirit:name>btn_d</spirit:name>
        <spirit:wire>
          <spirit:direction>out</spirit:direction>
          <spirit:wireTypeDefs>
            <spirit:wireTypeDef>
              <spirit:typeName>std_logic</spirit:typeName>
              <spirit:viewNameRef>xilinx_anylanguagesynthesis</spirit:viewNameRef>
              <spirit:viewNameRef>xilinx_anylanguagebehavioralsimulation</spirit:viewNameRef>
            </spirit:wireTypeDef>
          </spirit:wireTypeDefs>
        </spirit:wire>
      </spirit:port>
    </spirit:ports>
  </spirit:model>
  <spirit:fileSets>
    <spirit:fileSet>
      <spirit:name>xilinx_anylanguagesynthesis_view_fileset</spirit:name>
      <spirit:file>
        <spirit:name>../imports/new/CLK_DIV.vhd</spirit:name>
        <spirit:fileType>vhdlSource</spirit:fileType>
      </spirit:file>
      <spirit:file>
        <spirit:name>DEBOUNCER.vhd</spirit:name>
        <spirit:fileType>vhdlSource</spirit:fileType>
        <spirit:userFileType>CHECKSUM_be0bda64</spirit:userFileType>
      </spirit:file>
    </spirit:fileSet>
    <spirit:fileSet>
      <spirit:name>xilinx_anylanguagebehavioralsimulation_view_fileset</spirit:name>
      <spirit:file>
        <spirit:name>../imports/new/CLK_DIV.vhd</spirit:name>
        <spirit:fileType>vhdlSource</spirit:fileType>
      </spirit:file>
      <spirit:file>
        <spirit:name>DEBOUNCER.vhd</spirit:name>
        <spirit:fileType>vhdlSource</spirit:fileType>
      </spirit:file>
    </spirit:fileSet>
    <spirit:fileSet>
      <spirit:name>xilinx_xpgui_view_fileset</spirit:name>
      <spirit:file>
        <spirit:name>xgui/DEBOUNCER_v1_0.tcl</spirit:name>
        <spirit:fileType>tclSource</spirit:fileType>
        <spirit:userFileType>CHECKSUM_f64a5dae</spirit:userFileType>
        <spirit:userFileType>XGUI_VERSION_2</spirit:userFileType>
      </spirit:file>
    </spirit:fileSet>
    <spirit:fileSet>
      <spirit:name>xilinx_testbench_view_fileset</spirit:name>
      <spirit:file>
        <spirit:name>../../sim_1/new/TB_DB.vhd</spirit:name>
        <spirit:fileType>vhdlSource</spirit:fileType>
        <spirit:userFileType>USED_IN_simulation</spirit:userFileType>
        <spirit:userFileType>USED_IN_synthesis</spirit:userFileType>
      </spirit:file>
    </spirit:fileSet>
  </spirit:fileSets>
  <spirit:description>DEBOUNCER_v1_0</spirit:description>
  <spirit:parameters>
    <spirit:parameter>
      <spirit:name>Component_Name</spirit:name>
      <spirit:value spirit:resolve="user" spirit:id="PARAM_VALUE.Component_Name" spirit:order="1">DEBOUNCER_v1_0</spirit:value>
    </spirit:parameter>
  </spirit:parameters>
  <spirit:vendorExtensions>
    <xilinx:coreExtensions>
      <xilinx:supportedFamilies>
        <xilinx:family xilinx:lifeCycle="Production">zynq</xilinx:family>
        <xilinx:family xilinx:lifeCycle="Production">qzynq</xilinx:family>
        <xilinx:family xilinx:lifeCycle="Production">azynq</xilinx:family>
        <xilinx:family xilinx:lifeCycle="Production">zynquplus</xilinx:family>
        <xilinx:family xilinx:lifeCycle="Production">virtexuplus</xilinx:family>
        <xilinx:family xilinx:lifeCycle="Production">virtexuplusHBM</xilinx:family>
        <xilinx:family xilinx:lifeCycle="Production">kintexu</xilinx:family>
      </xilinx:supportedFamilies>
      <xilinx:taxonomies>
        <xilinx:taxonomy>/UserIP</xilinx:taxonomy>
      </xilinx:taxonomies>
      <xilinx:displayName>DEBOUNCER_v1_0</xilinx:displayName>
      <xilinx:definitionSource>package_project</xilinx:definitionSource>
      <xilinx:coreRevision>5</xilinx:coreRevision>
      <xilinx:coreCreationDateTime>2025-06-18T13:52:31Z</xilinx:coreCreationDateTime>
      <xilinx:tags>
        <xilinx:tag xilinx:name="ui.data.coregen.dd@7f9669b1_ARCHIVE_LOCATION">c:/users/eseer/onedrive/escritorio/universidarks/2025-1/iee2463-sep/vivado/proy01/ips/debouncer/debouncer.srcs/sources_1/new</xilinx:tag>
        <xilinx:tag xilinx:name="ui.data.coregen.dd@553ab7_ARCHIVE_LOCATION">c:/users/eseer/onedrive/escritorio/universidarks/2025-1/iee2463-sep/vivado/proy01/ips/debouncer/debouncer.srcs/sources_1/new</xilinx:tag>
        <xilinx:tag xilinx:name="ui.data.coregen.dd@1b9c6d6e_ARCHIVE_LOCATION">c:/users/eseer/onedrive/escritorio/universidarks/2025-1/iee2463-sep/vivado/proy01/ips/debouncer/debouncer.srcs/sources_1/new</xilinx:tag>
        <xilinx:tag xilinx:name="ui.data.coregen.dd@5ae540de_ARCHIVE_LOCATION">c:/users/eseer/onedrive/escritorio/universidarks/2025-1/iee2463-sep/vivado/proy01/ips/debouncer/debouncer.srcs/sources_1/new</xilinx:tag>
        <xilinx:tag xilinx:name="ui.data.coregen.dd@20fdd9e8_ARCHIVE_LOCATION">c:/users/eseer/onedrive/escritorio/universidarks/2025-1/iee2463-sep/vivado/proy01/ips/debouncer/debouncer.srcs/sources_1/new</xilinx:tag>
        <xilinx:tag xilinx:name="ui.data.coregen.dd@24273d5e_ARCHIVE_LOCATION">c:/users/eseer/onedrive/escritorio/universidarks/2025-1/iee2463-sep/vivado/proy01/ips/debouncer/debouncer.srcs/sources_1/new</xilinx:tag>
        <xilinx:tag xilinx:name="ui.data.coregen.dd@3740def6_ARCHIVE_LOCATION">c:/users/eseer/onedrive/escritorio/universidarks/2025-1/iee2463-sep/vivado/proy01/ips/debouncer/debouncer.srcs/sources_1/new</xilinx:tag>
        <xilinx:tag xilinx:name="ui.data.coregen.dd@2a415595_ARCHIVE_LOCATION">c:/users/eseer/onedrive/escritorio/universidarks/2025-1/iee2463-sep/vivado/proy01/ips/debouncer/debouncer.srcs/sources_1/new</xilinx:tag>
        <xilinx:tag xilinx:name="ui.data.coregen.dd@3c2e9b9e_ARCHIVE_LOCATION">c:/users/eseer/onedrive/escritorio/universidarks/2025-1/iee2463-sep/vivado/proy01/ips/debouncer/debouncer.srcs/sources_1/new</xilinx:tag>
        <xilinx:tag xilinx:name="ui.data.coregen.dd@437b9466_ARCHIVE_LOCATION">c:/users/eseer/onedrive/escritorio/universidarks/2025-1/iee2463-sep/vivado/proy01/ips/debouncer/debouncer.srcs/sources_1/new</xilinx:tag>
        <xilinx:tag xilinx:name="ui.data.coregen.dd@1825331f_ARCHIVE_LOCATION">c:/users/eseer/onedrive/escritorio/universidarks/2025-1/iee2463-sep/vivado/proy01/ips/debouncer/debouncer.srcs/sources_1/new</xilinx:tag>
        <xilinx:tag xilinx:name="ui.data.coregen.dd@32909dfb_ARCHIVE_LOCATION">c:/users/eseer/onedrive/escritorio/universidarks/2025-1/iee2463-sep/vivado/proy01/ips/debouncer/debouncer.srcs/sources_1/new</xilinx:tag>
        <xilinx:tag xilinx:name="ui.data.coregen.dd@51e245ce_ARCHIVE_LOCATION">c:/users/eseer/onedrive/escritorio/universidarks/2025-1/iee2463-sep/vivado/proy01/ips/debouncer/debouncer.srcs/sources_1/new</xilinx:tag>
        <xilinx:tag xilinx:name="ui.data.coregen.dd@2390f974_ARCHIVE_LOCATION">c:/users/eseer/onedrive/escritorio/universidarks/2025-1/iee2463-sep/vivado/proy01/ips/debouncer/debouncer.srcs/sources_1/new</xilinx:tag>
        <xilinx:tag xilinx:name="ui.data.coregen.dd@3d803126_ARCHIVE_LOCATION">c:/users/eseer/onedrive/escritorio/universidarks/2025-1/iee2463-sep/vivado/proy01/ips/debouncer/debouncer.srcs/sources_1/new</xilinx:tag>
        <xilinx:tag xilinx:name="ui.data.coregen.dd@73dfe55f_ARCHIVE_LOCATION">c:/users/eseer/onedrive/escritorio/universidarks/2025-1/iee2463-sep/vivado/proy01/ips/debouncer/debouncer.srcs/sources_1/new</xilinx:tag>
        <xilinx:tag xilinx:name="ui.data.coregen.dd@133dbe44_ARCHIVE_LOCATION">c:/users/eseer/onedrive/escritorio/universidarks/2025-1/iee2463-sep/vivado/proy01/ips/debouncer/debouncer.srcs/sources_1/new</xilinx:tag>
        <xilinx:tag xilinx:name="ui.data.coregen.dd@73fc89c8_ARCHIVE_LOCATION">c:/users/eseer/onedrive/escritorio/universidarks/2025-1/iee2463-sep/vivado/proy01/ips/debouncer/debouncer.srcs/sources_1/new</xilinx:tag>
        <xilinx:tag xilinx:name="ui.data.coregen.dd@40e3f6bf_ARCHIVE_LOCATION">c:/users/eseer/onedrive/escritorio/universidarks/2025-1/iee2463-sep/vivado/proy01/ips/debouncer/debouncer.srcs/sources_1/new</xilinx:tag>
        <xilinx:tag xilinx:name="ui.data.coregen.dd@42a9cb11_ARCHIVE_LOCATION">c:/users/eseer/onedrive/escritorio/universidarks/2025-1/iee2463-sep/vivado/proy01/ips/debouncer/debouncer.srcs/sources_1/new</xilinx:tag>
        <xilinx:tag xilinx:name="ui.data.coregen.dd@10a59869_ARCHIVE_LOCATION">c:/users/eseer/onedrive/escritorio/universidarks/2025-1/iee2463-sep/vivado/proy01/ips/debouncer/debouncer.srcs/sources_1/new</xilinx:tag>
        <xilinx:tag xilinx:name="ui.data.coregen.dd@7cc723c8_ARCHIVE_LOCATION">c:/users/eseer/onedrive/escritorio/universidarks/2025-1/iee2463-sep/vivado/proy01/ips/debouncer/debouncer.srcs/sources_1/new</xilinx:tag>
        <xilinx:tag xilinx:name="ui.data.coregen.dd@293cca60_ARCHIVE_LOCATION">c:/users/eseer/onedrive/escritorio/universidarks/2025-1/iee2463-sep/vivado/proy01/ips/debouncer/debouncer.srcs/sources_1/new</xilinx:tag>
        <xilinx:tag xilinx:name="ui.data.coregen.dd@1c9a70d0_ARCHIVE_LOCATION">c:/users/eseer/onedrive/escritorio/universidarks/2025-1/iee2463-sep/vivado/proy01/ips/debouncer/debouncer.srcs/sources_1/new</xilinx:tag>
        <xilinx:tag xilinx:name="ui.data.coregen.dd@cc64027_ARCHIVE_LOCATION">c:/users/eseer/onedrive/escritorio/universidarks/2025-1/iee2463-sep/vivado/proy01/ips/debouncer/debouncer.srcs/sources_1/new</xilinx:tag>
        <xilinx:tag xilinx:name="ui.data.coregen.dd@64077169_ARCHIVE_LOCATION">c:/users/eseer/onedrive/escritorio/universidarks/2025-1/iee2463-sep/vivado/proy01/ips/debouncer/debouncer.srcs/sources_1/new</xilinx:tag>
        <xilinx:tag xilinx:name="ui.data.coregen.dd@a2fed0f_ARCHIVE_LOCATION">c:/users/eseer/onedrive/escritorio/universidarks/2025-1/iee2463-sep/vivado/proy01/ips/debouncer/debouncer.srcs/sources_1/new</xilinx:tag>
        <xilinx:tag xilinx:name="ui.data.coregen.dd@7d952db6_ARCHIVE_LOCATION">c:/users/eseer/onedrive/escritorio/universidarks/2025-1/iee2463-sep/vivado/proy01/ips/debouncer/debouncer.srcs/sources_1/new</xilinx:tag>
        <xilinx:tag xilinx:name="ui.data.coregen.dd@4b1653f8_ARCHIVE_LOCATION">c:/Users/eseer/OneDrive/Escritorio/Universidarks/2025-1/IEE2463-SEP/Vivado/PROYECTOS/PROY_02/IP/DEBOUNCER/DEBOUNCER.srcs/sources_1/new</xilinx:tag>
        <xilinx:tag xilinx:name="ui.data.coregen.dd@16b0cdd1_ARCHIVE_LOCATION">c:/Users/eseer/OneDrive/Escritorio/Universidarks/2025-1/IEE2463-SEP/Vivado/PROYECTOS/PROY_02/IP/DEBOUNCER/DEBOUNCER.srcs/sources_1/new</xilinx:tag>
        <xilinx:tag xilinx:name="ui.data.coregen.dd@54e3f0bc_ARCHIVE_LOCATION">c:/Users/eseer/OneDrive/Escritorio/Universidarks/2025-1/IEE2463-SEP/Vivado/PROYECTOS/PROY_02/IP/DEBOUNCER/DEBOUNCER.srcs/sources_1/new</xilinx:tag>
        <xilinx:tag xilinx:name="ui.data.coregen.dd@31264fbc_ARCHIVE_LOCATION">c:/Users/eseer/OneDrive/Escritorio/Universidarks/2025-1/IEE2463-SEP/Vivado/PROYECTOS/PROY_02/IP/DEBOUNCER/DEBOUNCER.srcs/sources_1/new</xilinx:tag>
        <xilinx:tag xilinx:name="ui.data.coregen.dd@17cc4874_ARCHIVE_LOCATION">c:/Users/eseer/OneDrive/Escritorio/Universidarks/2025-1/IEE2463-SEP/Vivado/PROYECTOS/PROY_02/IP/DEBOUNCER/DEBOUNCER.srcs/sources_1/new</xilinx:tag>
        <xilinx:tag xilinx:name="ui.data.coregen.dd@4658199a_ARCHIVE_LOCATION">c:/Users/eseer/OneDrive/Escritorio/Universidarks/2025-1/IEE2463-SEP/Vivado/PROYECTOS/PROY_02/IP/DEBOUNCER/DEBOUNCER.srcs/sources_1/new</xilinx:tag>
        <xilinx:tag xilinx:name="ui.data.coregen.dd@265d9f16_ARCHIVE_LOCATION">c:/Users/eseer/OneDrive/Escritorio/Universidarks/2025-1/IEE2463-SEP/Vivado/PROYECTOS/PROY_02/IP/DEBOUNCER/DEBOUNCER.srcs/sources_1/new</xilinx:tag>
        <xilinx:tag xilinx:name="ui.data.coregen.dd@7984bece_ARCHIVE_LOCATION">c:/Users/eseer/OneDrive/Escritorio/Universidarks/2025-1/IEE2463-SEP/Vivado/PROYECTOS/PROY_02/IP/DEBOUNCER/DEBOUNCER.srcs/sources_1/new</xilinx:tag>
        <xilinx:tag xilinx:name="ui.data.coregen.dd@51e33541_ARCHIVE_LOCATION">c:/Users/eseer/OneDrive/Escritorio/Universidarks/2025-1/IEE2463-SEP/Vivado/PROYECTOS/PROY_02/IP/DEBOUNCER/DEBOUNCER.srcs/sources_1/new</xilinx:tag>
        <xilinx:tag xilinx:name="ui.data.coregen.dd@1af0989d_ARCHIVE_LOCATION">c:/Users/eseer/OneDrive/Escritorio/Universidarks/2025-1/IEE2463-SEP/Vivado/PROYECTOS/PROY_02/IP/DEBOUNCER/DEBOUNCER.srcs/sources_1/new</xilinx:tag>
        <xilinx:tag xilinx:name="ui.data.coregen.dd@1042151_ARCHIVE_LOCATION">c:/Users/eseer/OneDrive/Escritorio/Universidarks/2025-1/IEE2463-SEP/Vivado/PROYECTOS/PROY_02/IP/DEBOUNCER/DEBOUNCER.srcs/sources_1/new</xilinx:tag>
        <xilinx:tag xilinx:name="ui.data.coregen.dd@41ec355d_ARCHIVE_LOCATION">c:/Users/eseer/OneDrive/Escritorio/Universidarks/2025-1/IEE2463-SEP/Vivado/PROYECTOS/PROY_02/IP/DEBOUNCER/DEBOUNCER.srcs/sources_1/new</xilinx:tag>
      </xilinx:tags>
    </xilinx:coreExtensions>
    <xilinx:packagingInfo>
      <xilinx:xilinxVersion>2020.1</xilinx:xilinxVersion>
      <xilinx:checksum xilinx:scope="fileGroups" xilinx:value="d10e054b"/>
      <xilinx:checksum xilinx:scope="ports" xilinx:value="833f8d66"/>
      <xilinx:checksum xilinx:scope="parameters" xilinx:value="8fdbe0cb"/>
    </xilinx:packagingInfo>
  </spirit:vendorExtensions>
</spirit:component>
