<?xml version="1.0" encoding="UTF-8"?>
<!-- Product Version: Vivado v2020.1 (64-bit)                     -->
<!--                                                              -->
<!-- Copyright 1986-2020 Xilinx, Inc. All Rights Reserved.        -->

<hwsession version="1" minor="2">
  <device name="xc7z010_1" gui_info="dashboard1=hw_ila_1[xc7z010_1/hw_ila_1/Settings=ILA_SETTINGS_1;xc7z010_1/hw_ila_1/Status=ILA_STATUS_1;xc7z010_1/hw_ila_1/Capture Setup=ILA_CAPTURE_1;xc7z010_1/hw_ila_1/Waveform=ILA_WAVE_1;xc7z010_1/hw_ila_1/Trigger Setup=ILA_TRIGGER_1;],dashboard2=hw_vios[xc7z010_1/hw_vio_1=VIO_PROBES_1;]"/>
  <ObjectList object_type="hw_device" gui_info="">
    <Object name="xc7z010_1" gui_info="">
      <Properties Property="FULL_PROBES.FILE" value="$_project_name_.runs/impl_1/design_1_wrapper.ltx"/>
      <Properties Property="PROBES.FILE" value="$_project_name_.runs/impl_1/design_1_wrapper.ltx"/>
      <Properties Property="PROGRAM.HW_BITSTREAM" value="$_project_name_.runs/impl_1/design_1_wrapper.bit"/>
      <Properties Property="SLR.COUNT" value="1"/>
    </Object>
  </ObjectList>
  <ObjectList object_type="hw_ila" gui_info="">
    <Object name="design_1_i/ila_0" gui_info="">
      <Properties Property="CONTROL.TRIGGER_CONDITION" value="AND"/>
      <Properties Property="CORE_REFRESH_RATE_MS" value="500"/>
    </Object>
  </ObjectList>
  <ObjectList object_type="hw_probe" gui_info="">
    <Object name="design_1_i/vio_0_probe_out0" gui_info="hw_vios/hw_vio_1=0"/>
    <Object name="design_1_i/xlconcat_0_dout[10:0]" gui_info="Trigger Setup=0"/>
  </ObjectList>
  <probeset name="hw project" active="false">
    <probe type="ila" busType="bus" source="netlist" spec="ILA_V2_RT">
      <probeOptions Id="DebugProbeParams">
        <Option Id="CAPTURE_COMPARE_VALUE" value="eq11&apos;hXXX"/>
        <Option Id="COMPARE_VALUE.0" value="gt11&apos;h000"/>
        <Option Id="DISPLAY_AS_ENUM" value="1"/>
        <Option Id="DISPLAY_HINT" value=""/>
        <Option Id="DISPLAY_RADIX" value="HEX"/>
        <Option Id="DISPLAY_VISIBILITY" value=""/>
        <Option Id="HW_ILA" value="hw_ila_1"/>
        <Option Id="LINK_TO_WAVEFORM" value="1"/>
        <Option Id="MAP" value="probe0[10:0]"/>
        <Option Id="NAME.CUSTOM" value=""/>
        <Option Id="NAME.SELECT" value="Long"/>
        <Option Id="SOURCE" value="netlist"/>
        <Option Id="TRIGGER_COMPARE_VALUE" value="gt11&apos;h000"/>
        <Option Id="WAVEFORM_STYLE" value="Digital"/>
      </probeOptions>
      <nets>
        <net name="design_1_i/xlconcat_0_dout[10]"/>
        <net name="design_1_i/xlconcat_0_dout[9]"/>
        <net name="design_1_i/xlconcat_0_dout[8]"/>
        <net name="design_1_i/xlconcat_0_dout[7]"/>
        <net name="design_1_i/xlconcat_0_dout[6]"/>
        <net name="design_1_i/xlconcat_0_dout[5]"/>
        <net name="design_1_i/xlconcat_0_dout[4]"/>
        <net name="design_1_i/xlconcat_0_dout[3]"/>
        <net name="design_1_i/xlconcat_0_dout[2]"/>
        <net name="design_1_i/xlconcat_0_dout[1]"/>
        <net name="design_1_i/xlconcat_0_dout[0]"/>
      </nets>
    </probe>
    <probe type="vio_output" busType="net" source="netlist" spec="VIO_OUTPUT_V2_RT">
      <probeOptions Id="DebugProbeParams">
        <Option Id="DISPLAY_HINT" value="OutputDisplay:Toggle;"/>
        <Option Id="DISPLAY_VISIBILITY" value=""/>
        <Option Id="HW_VIO" value="hw_vio_1"/>
        <Option Id="NAME.CUSTOM" value=""/>
        <Option Id="NAME.SELECT" value="Long"/>
        <Option Id="OUTPUT_VALUE" value="1"/>
        <Option Id="OUTPUT_VALUE_RADIX" value="BINARY"/>
        <Option Id="SOURCE" value="netlist"/>
      </probeOptions>
      <nets>
        <net name="design_1_i/vio_0_probe_out0"/>
      </nets>
    </probe>
  </probeset>
</hwsession>
