<?xml version="1.0" encoding="UTF-8"?>
<GenRun Id="impl_1" LaunchPart="xc7z010clg400-1" LaunchTime="1746821368">
  <File Type="ROUTE-PWR" Name="DEBOUNCER_power_routed.rpt"/>
  <File Type="PA-TCL" Name="DEBOUNCER.tcl"/>
  <File Type="ROUTE-PWR-SUM" Name="DEBOUNCER_power_summary_routed.pb"/>
  <File Type="REPORTS-TCL" Name="DEBOUNCER_reports.tcl"/>
  <File Type="BITSTR-MSK" Name="DEBOUNCER.msk"/>
  <File Type="ROUTE-CLK" Name="DEBOUNCER_clock_utilization_routed.rpt"/>
  <File Type="RDI-RDI" Name="DEBOUNCER.vdi"/>
  <File Type="BG-BIT" Name="DEBOUNCER.bit"/>
  <File Type="BG-DRC" Name="DEBOUNCER.drc"/>
  <File Type="BG-BGN" Name="DEBOUNCER.bgn"/>
  <File Type="BG-BIN" Name="DEBOUNCER.bin"/>
  <File Type="BITSTR-RBT" Name="DEBOUNCER.rbt"/>
  <File Type="BITSTR-NKY" Name="DEBOUNCER.nky"/>
  <File Type="BITSTR-BMM" Name="DEBOUNCER_bd.bmm"/>
  <File Type="ROUTE-METHODOLOGY-DRC" Name="DEBOUNCER_methodology_drc_routed.rpt"/>
  <File Type="BITSTR-MMI" Name="DEBOUNCER.mmi"/>
  <File Type="BITSTR-SYSDEF" Name="DEBOUNCER.sysdef"/>
  <File Type="BITSTR-LTX" Name="debug_nets.ltx"/>
  <File Type="BITSTR-LTX" Name="DEBOUNCER.ltx"/>
  <File Type="WBT-USG" Name="usage_statistics_webtalk.html"/>
  <File Type="OPT-DRC" Name="DEBOUNCER_drc_opted.rpt"/>
  <File Type="OPT-HWDEF" Name="DEBOUNCER.hwdef"/>
  <File Type="PLACE-IO" Name="DEBOUNCER_io_placed.rpt"/>
  <File Type="PLACE-UTIL" Name="DEBOUNCER_utilization_placed.rpt"/>
  <File Type="PLACE-UTIL-PB" Name="DEBOUNCER_utilization_placed.pb"/>
  <File Type="PLACE-CTRL" Name="DEBOUNCER_control_sets_placed.rpt"/>
  <File Type="PLACE-PRE-SIMILARITY" Name="DEBOUNCER_incremental_reuse_pre_placed.rpt"/>
  <File Type="ROUTE-DRC" Name="DEBOUNCER_drc_routed.rpt"/>
  <File Type="ROUTE-DRC-PB" Name="DEBOUNCER_drc_routed.pb"/>
  <File Type="ROUTE-PWR-RPX" Name="DEBOUNCER_power_routed.rpx"/>
  <File Type="ROUTE-STATUS" Name="DEBOUNCER_route_status.rpt"/>
  <File Type="ROUTE-STATUS-PB" Name="DEBOUNCER_route_status.pb"/>
  <File Type="ROUTE-DCP" Name="DEBOUNCER_routed.dcp"/>
  <File Type="ROUTE-ERROR-DCP" Name="DEBOUNCER_routed_error.dcp"/>
  <File Type="ROUTE-BLACKBOX-DCP" Name="DEBOUNCER_routed_bb.dcp"/>
  <File Type="ROUTE-TIMINGSUMMARY" Name="DEBOUNCER_timing_summary_routed.rpt"/>
  <File Type="ROUTE-TIMING-PB" Name="DEBOUNCER_timing_summary_routed.pb"/>
  <File Type="ROUTE-TIMING-RPX" Name="DEBOUNCER_timing_summary_routed.rpx"/>
  <File Type="ROUTE-BUS-SKEW" Name="DEBOUNCER_bus_skew_routed.rpt"/>
  <File Type="ROUTE-BUS-SKEW-PB" Name="DEBOUNCER_bus_skew_routed.pb"/>
  <File Type="ROUTE-BUS-SKEW-RPX" Name="DEBOUNCER_bus_skew_routed.rpx"/>
  <File Type="OPT-DCP" Name="DEBOUNCER_opt.dcp"/>
  <File Type="PLACE-DCP" Name="DEBOUNCER_placed.dcp"/>
  <File Type="PWROPT-DCP" Name="DEBOUNCER_pwropt.dcp"/>
  <File Type="POSTPLACE-PWROPT-DCP" Name="DEBOUNCER_postplace_pwropt.dcp"/>
  <File Type="PHYSOPT-DCP" Name="DEBOUNCER_physopt.dcp"/>
  <File Type="POSTROUTE-PHYSOPT-DCP" Name="DEBOUNCER_postroute_physopt.dcp"/>
  <File Type="POSTROUTE-PHYSOPT-BLACKBOX-DCP" Name="DEBOUNCER_postroute_physopt_bb.dcp"/>
  <File Type="ROUTE-METHODOLOGY-DRC-PB" Name="DEBOUNCER_methodology_drc_routed.pb"/>
  <File Type="ROUTE-DRC-RPX" Name="DEBOUNCER_drc_routed.rpx"/>
  <File Type="ROUTE-METHODOLOGY-DRC-RPX" Name="DEBOUNCER_methodology_drc_routed.rpx"/>
  <File Type="PDI-FILE" Name="DEBOUNCER.pdi"/>
  <File Type="RCFI_FILE" Name="DEBOUNCER.rcfi"/>
  <File Type="CFI_FILE" Name="DEBOUNCER.cfi"/>
  <File Type="RNPI_FILE" Name="DEBOUNCER.rnpi"/>
  <File Type="NPI_FILE" Name="DEBOUNCER.npi"/>
  <File Type="RBD_FILE" Name="DEBOUNCER.rbd"/>
  <FileSet Name="sources" Type="DesignSrcs" RelSrcDir="$PSRCDIR/sources_1">
    <Filter Type="Srcs"/>
    <File Path="$PSRCDIR/sources_1/new/DEBOUNCER.vhd">
      <FileInfo>
        <Attr Name="UsedIn" Val="synthesis"/>
        <Attr Name="UsedIn" Val="simulation"/>
      </FileInfo>
    </File>
    <File Path="$PSRCDIR/sources_1/new/component.xml">
      <FileInfo SFType="IPXACT"/>
    </File>
    <Config>
      <Option Name="DesignMode" Val="RTL"/>
      <Option Name="TopModule" Val="DEBOUNCER"/>
      <Option Name="TopAutoSet" Val="TRUE"/>
    </Config>
  </FileSet>
  <FileSet Name="constrs_in" Type="Constrs" RelSrcDir="$PSRCDIR/constrs_1">
    <Filter Type="Constrs"/>
    <Config>
      <Option Name="ConstrsType" Val="XDC"/>
    </Config>
  </FileSet>
  <FileSet Name="utils" Type="Utils" RelSrcDir="$PSRCDIR/utils_1">
    <Filter Type="Utils"/>
    <Config>
      <Option Name="TopAutoSet" Val="TRUE"/>
    </Config>
  </FileSet>
  <Strategy Version="1" Minor="2">
    <StratHandle Name="Vivado Implementation Defaults" Flow="Vivado Implementation 2020"/>
    <Step Id="init_design"/>
    <Step Id="opt_design"/>
    <Step Id="power_opt_design"/>
    <Step Id="place_design"/>
    <Step Id="post_place_power_opt_design"/>
    <Step Id="phys_opt_design"/>
    <Step Id="route_design"/>
    <Step Id="post_route_phys_opt_design"/>
    <Step Id="write_bitstream"/>
    <Step Id="write_device_image"/>
  </Strategy>
</GenRun>
